source,target,note
Daniel Larcher,达尼埃尔·拉尔谢,维勒纳夫市长/大夫
Hortense Larcher,奥尔唐斯·拉尔谢,达尼埃尔妻子
Marcel Larcher,马赛尔·拉尔谢,达尼埃尔弟弟，共产党员，党内代号保尔/Paul
Gustave Larcher,古斯塔夫·拉尔谢,马赛尔之子
Henri de Kervern,昂利·德·凯尔韦恩,警长，后被停职复职
Judith de Kervern,朱迪特·德·凯尔韦恩,昂利之妻，原姓莫尔朗热/Morhange，前女教师/歌手
Raymond Schwartz,雷蒙·施瓦茨,锯木厂/混凝土厂老板
Jeannine Schwartz,让尼娜·施瓦茨,施瓦茨妻子，娘家姓朗格卢瓦/Langlois
Marceau Schwartz,马尔索·施瓦茨,施瓦茨之子
Lucienne Borderie,吕西安娜·博尔德里,女教师
Eugène Borderie,欧仁·博尔德里,吕西安娜的父亲
Jules Bériot,于勒·贝里奥,学校校长，后与吕西安娜订婚
Kurt,库尔特,德国军士长，吕西安娜恋人，被调往基辅/东线
von Ritter (Helmut),冯·里特尔,前区司令官
Kollwitz,科尔维茨,新任区司令官
Heinrich Muller,海因里希·穆勒,安全处警察，奥尔唐斯情人，被调往明斯克/哈尔科夫前线
Ludwig,路德维希,穆勒勤务兵
Servier (Pierre),塞尔维耶,副省长
Jean Marchetti,让·马尔凯蒂,探长，后升任国家警察局长
Sarah Meyer,莎拉·梅耶,犹太女佣，被送收容营皮蒂维耶/博纳拉罗朗德
Albert Crémieux,阿尔贝·克雷米厄,犹太商人，搞抵抗传单
Hélène Crémieux,埃莱娜·克雷米厄,克雷米厄女儿
Marie Germain,玛丽·日尔曼,埃萨尔农妇/抵抗组织
Lorrain Germain,洛兰·日尔曼,玛丽丈夫，已故
Raoul,拉乌尔,玛丽的孩子
Justin,于斯坦,玛丽的孩子
Natasha/Odile,娜塔莎/奥迪尔,间谍/妓女
Cabernis (Louis),卡贝尔尼斯,雅利安化事务所，被施瓦茨杀害
Jérôme Michelet,杰罗姆·米什莱,塞尔维耶外甥，黑市犯
Clementine,克莱芒蒂娜,老拉尔谢家佣人
Joséphine,若瑟芬,施瓦茨家新女佣
Inès,伊内丝,施瓦茨秘书
Edmond Lherbier,埃德蒙·莱尔比耶,共产党干部
Léon,莱昂,共产党高层
Suzanne Richard,苏珊娜·理查,共产党员，假名吉赛尔·巴比耶/Giselle Barbier，被认定为叛徒但马赛尔放走
Yvon,伊冯,巴黎来的行动专家，本名加斯东/Gaston，戛纳人，被酷刑致死
Max,马克斯,共产党行动组成员
Gérard Fèvre,热拉尔·费弗尔,前国会议员/人质，被处决
Emilie Estabet,埃米莉·埃斯塔贝,贝尔特太太那的清洁工，被穆勒酷刑逼供，列为人质
Ernest,欧内斯特,同志，送马赛尔去莫瓦赛
Vernet,韦尔内,探长，后被调去档案室
Loriot (Antoine),洛里奥,警察
Prédavy,普雷达维,警察
Bazin,巴赞,警察
Wagner,瓦格纳,军士长
Braun,布劳恩,中尉
Violette,维奥莱特,妓女
Marek Dutziak,马雷克·杜齐亚克,波兰人/人质，被达尼埃尔救出
Madame Durieux,迪里厄太太,药店顾客
Galien,加利安,药剂师
Richard Dennières,理查·德尼耶,黑市贩子
Portais/Morten,波尔泰/莫尔坦,大夫
Escoffier (Gédéon),埃斯科菲耶,贝桑松印刷商，被捕
Geneviève Leclerc,热纳维耶芙·勒克莱,镇上女性
Old Thomier,老托米耶,洗衣店老板
Guyon,居雍,报社
Villeneuve,维勒纳夫,故事主要发生地
Essarts,埃萨尔,玛丽·日尔曼的农场所在地
Seurre,瑟尔,
Moissay,莫瓦赛,马赛尔出生地/转移站
Dijon,第戎,
Besançon,贝桑松,
Trébeurden,特雷伯登,
Strasbourg,斯特拉斯堡,
Jura,汝拉,
Poligny,波利尼,
Bourg,布尔,
Heidelberg,海德堡,
Bohemia,波希米亚,
Pontarlier,蓬塔利耶,通往瑞士
Minsk,明斯克,穆勒被调往
Kiev,基辅,库尔特被调往
Kharkov,哈尔科夫,
Wiesbaden,威斯巴登,
Verdun,凡尔登,
Nantes,南特,
Bordeaux,波尔多,
Rouen,鲁昂,
Liège,列日,
Béziers,贝济耶,
Andréville,安德烈维勒,
Chateaubriand,沙托布里昂,处决人质之地
Pithiviers,皮蒂维耶,收容营
Beaune la Rolande,博纳拉罗朗德,收容营
Tlemcen,特莱姆森,
Saint-Roch,圣罗什,仓库所在地
Hôtel Moderne,摩登酒店,奥尔唐斯住处
Hôtel de la Pompe,水泵旅馆,
Avenue Clémenceau,克列孟梭大街,
Rue Poincaré,庞加莱街,
Rue de l'Hebergement,收容街,苏珊娜住处
Place Clément,克莱芒广场,
Chapelle Saint Christophe,圣克里斯托夫教堂,
Guivarde,吉瓦尔德河,
Loue,卢河,卡贝尔尼斯抛尸处
Grigny Woods,格里尼树林,紧急集合点
Chauverne bridge,绍韦尔纳桥,发现尸体处
Saint-Jacques Calvaire,圣雅克十字架,林边碰头点
Breuil,布勒伊,
Barbès,巴尔贝斯,
Morsang,莫尔桑,
the Line,分界线,占领区/非占领区分界
Sicherheitsdienst/SD,安全处/安全勤务处,德国情报机构
Aryanisation,雅利安化,没收犹太人产业
Secours National,国家救济会,
BMA,反国家行为局,
Commissariat for Jewish Questions,犹太事务委员会,
Renseignements Généraux,情报总处,
Politburo,政治局,
Action Française,"""法兰西行动""",极右组织
Scapini Mission,斯卡皮尼使团,战俘事务
Hostage Code,人质法令,
National Revolution,国民革命,维希政权意识形态
Interregional Committee,大区委员会,共产党组织
Crémieux-Optique,克雷米厄光学,克雷米厄的企业
Schwartz-Concrete,施瓦茨混凝土,施瓦茨的工厂
